catalog_id,cliente,periodo,tipo_documento,formato,drive_source_link,suggested_drive_folder,suggested_filename,expected_drive_path,processing_status,notes
1,Afix,Jun 2026,Análisis Financiero,XLSX,https://drive.google.com/file/d/1ZSu8BhRZWAEwOyxuIOZh5NDPFU8RckiL/view,EEFF_Covenants_Source/Afix,0001_Afix_Jun_2026_Analisis_Financiero.xlsx,EEFF_Covenants_Source/Afix/0001_Afix_Jun_2026_Analisis_Financiero.xlsx,pending_file_in_drive_folder,
2,Apem,Abr 2024,EF - Apalancamiento,PDF,https://drive.google.com/file/d/1y3ttSYtei5XGpjIAnO1JbB_9ycATJXSj/view,EEFF_Covenants_Source/Apem,0002_Apem_Abr_2024_EF_Apalancamiento.pdf,EEFF_Covenants_Source/Apem/0002_Apem_Abr_2024_EF_Apalancamiento.pdf,pending_file_in_drive_folder,
3,Apem,Abr 2025,EEFF,PDF,https://drive.google.com/file/d/1XTjGddyBUvbEGSbXNE9r2sY0jp4AMQTu/view,EEFF_Covenants_Source/Apem,0003_Apem_Abr_2025_EEFF.pdf,EEFF_Covenants_Source/Apem/0003_Apem_Abr_2025_EEFF.pdf,pending_file_in_drive_folder,
4,Apem,Ago 2024,EF - Apalancamiento,PDF,https://drive.google.com/file/d/1OSFw840nwX7KY81jZPzuRo4IAQ02rh8A/view,EEFF_Covenants_Source/Apem,0004_Apem_Ago_2024_EF_Apalancamiento.pdf,EEFF_Covenants_Source/Apem/0004_Apem_Ago_2024_EF_Apalancamiento.pdf,pending_file_in_drive_folder,
5,Apem,Ago 2025,EEFF,PDF,https://drive.google.com/file/d/1bZXFFevz9yjb6CJCTok7N3s2uTHRlFj6/view,EEFF_Covenants_Source/Apem,0005_Apem_Ago_2025_EEFF.pdf,EEFF_Covenants_Source/Apem/0005_Apem_Ago_2025_EEFF.pdf,pending_file_in_drive_folder,
6,Apem,Dic 2023,EF - Apalancamiento,PDF,https://drive.google.com/file/d/1ZSFffpY844Ow1W9R3vhL02WJXsECNx0h/view,EEFF_Covenants_Source/Apem,0006_Apem_Dic_2023_EF_Apalancamiento.pdf,EEFF_Covenants_Source/Apem/0006_Apem_Dic_2023_EF_Apalancamiento.pdf,pending_file_in_drive_folder,
7,Apem,Dic 2024,EF - Apalancamiento,PDF,https://drive.google.com/file/d/1Zp5a4wZ9UP5Asnj8b7ZXGhwitltGZCj2/view,EEFF_Covenants_Source/Apem,0007_Apem_Dic_2024_EF_Apalancamiento.pdf,EEFF_Covenants_Source/Apem/0007_Apem_Dic_2024_EF_Apalancamiento.pdf,pending_file_in_drive_folder,
8,Apem,Dic 2024,EF - Apalancamiento (Firmado),PDF,https://drive.google.com/file/d/1wxMkUFiO6FGsZEMZdbmrzOUTdMkOxF-M/view,EEFF_Covenants_Source/Apem,0008_Apem_Dic_2024_EF_Apalancamiento_Firmado.pdf,EEFF_Covenants_Source/Apem/0008_Apem_Dic_2024_EF_Apalancamiento_Firmado.pdf,pending_file_in_drive_folder,
9,Apem,Dic 2025,EF - Apalancamiento,PDF,https://drive.google.com/file/d/1qNu1KqaEfmbdzoLXochvHX1PwH8d9jl4/view,EEFF_Covenants_Source/Apem,0009_Apem_Dic_2025_EF_Apalancamiento.pdf,EEFF_Covenants_Source/Apem/0009_Apem_Dic_2025_EF_Apalancamiento.pdf,pending_file_in_drive_folder,
10,Apem,Ene 2024,EF - Apalancamiento,PDF,https://drive.google.com/file/d/1UlTUMKMZvy98UTI4Ep1pZhxrLtsdFfyp/view,EEFF_Covenants_Source/Apem,0010_Apem_Ene_2024_EF_Apalancamiento.pdf,EEFF_Covenants_Source/Apem/0010_Apem_Ene_2024_EF_Apalancamiento.pdf,pending_file_in_drive_folder,
11,Apem,Ene 2025,EF - Apalancamiento,PDF,https://drive.google.com/file/d/1ujY8PHjR-i6Jo4j30UILEPochBegSPk5/view,EEFF_Covenants_Source/Apem,0011_Apem_Ene_2025_EF_Apalancamiento.pdf,EEFF_Covenants_Source/Apem/0011_Apem_Ene_2025_EF_Apalancamiento.pdf,pending_file_in_drive_folder,
12,Apem,Ene 2026,EF - Apalancamiento,PDF,https://drive.google.com/file/d/1fhG38SZHQSaJwOb8-UJsQDMOPtHmK3C5/view,EEFF_Covenants_Source/Apem,0012_Apem_Ene_2026_EF_Apalancamiento.pdf,EEFF_Covenants_Source/Apem/0012_Apem_Ene_2026_EF_Apalancamiento.pdf,pending_file_in_drive_folder,
13,Apem,Feb 2025,EEFF,PDF,https://drive.google.com/file/d/1LqCc84hZmqyNklNrkKWqEprmIYyHH9m4/view,EEFF_Covenants_Source/Apem,0013_Apem_Feb_2025_EEFF.pdf,EEFF_Covenants_Source/Apem/0013_Apem_Feb_2025_EEFF.pdf,pending_file_in_drive_folder,
14,Apem,Feb 2026,EF - Apalancamiento,PDF,https://drive.google.com/file/d/11_2OYwPOgdKVcmzjRujmRDAJ4UZ1oYK-/view,EEFF_Covenants_Source/Apem,0014_Apem_Feb_2026_EF_Apalancamiento.pdf,EEFF_Covenants_Source/Apem/0014_Apem_Feb_2026_EF_Apalancamiento.pdf,pending_file_in_drive_folder,
15,Apem,Jul 2024,EF - Apalancamiento,PDF,https://drive.google.com/file/d/1lAxwefryYB1JnfrH0KHOpeir2l48ef7L/view,EEFF_Covenants_Source/Apem,0015_Apem_Jul_2024_EF_Apalancamiento.pdf,EEFF_Covenants_Source/Apem/0015_Apem_Jul_2024_EF_Apalancamiento.pdf,pending_file_in_drive_folder,
16,Apem,Jul 2025,EEFF,PDF,https://drive.google.com/file/d/15df7zAIfTnZJOkwQ7QpfbtdfjMH_w_XE/view,EEFF_Covenants_Source/Apem,0016_Apem_Jul_2025_EEFF.pdf,EEFF_Covenants_Source/Apem/0016_Apem_Jul_2025_EEFF.pdf,pending_file_in_drive_folder,
17,Apem,Jun 2023,EF - Apalancamiento,PDF,https://drive.google.com/file/d/1jQ0-jKR5rUU5AcOwg_KQdV5KW7fOwzUp/view,EEFF_Covenants_Source/Apem,0017_Apem_Jun_2023_EF_Apalancamiento.pdf,EEFF_Covenants_Source/Apem/0017_Apem_Jun_2023_EF_Apalancamiento.pdf,pending_file_in_drive_folder,
18,Apem,Jun 2025,EEFF,PDF,https://drive.google.com/file/d/1179LLKqqx3jE9AgF82h38S3dfaaJSCOY/view,EEFF_Covenants_Source/Apem,0018_Apem_Jun_2025_EEFF.pdf,EEFF_Covenants_Source/Apem/0018_Apem_Jun_2025_EEFF.pdf,pending_file_in_drive_folder,
19,Apem,Mar 2023,EF - Apalancamiento,PDF,https://drive.google.com/file/d/1i7zVrbh9e2n5do6n-X-vHmNlhArqVXwh/view,EEFF_Covenants_Source/Apem,0019_Apem_Mar_2023_EF_Apalancamiento.pdf,EEFF_Covenants_Source/Apem/0019_Apem_Mar_2023_EF_Apalancamiento.pdf,pending_file_in_drive_folder,
20,Apem,Mar 2024,EF - Apalancamiento,PDF,https://drive.google.com/file/d/178OPntb8aH3ngjzHvC3QGcoAeyuUqeGt/view,EEFF_Covenants_Source/Apem,0020_Apem_Mar_2024_EF_Apalancamiento.pdf,EEFF_Covenants_Source/Apem/0020_Apem_Mar_2024_EF_Apalancamiento.pdf,pending_file_in_drive_folder,
21,Apem,Mar 2025,EEFF,PDF,https://drive.google.com/file/d/14I-KEHgR6Pig_EYOBaChp7YM_4qaJVsy/view,EEFF_Covenants_Source/Apem,0021_Apem_Mar_2025_EEFF.pdf,EEFF_Covenants_Source/Apem/0021_Apem_Mar_2025_EEFF.pdf,pending_file_in_drive_folder,
22,Apem,Mar 2026,EF - Apalancamiento,PDF,https://drive.google.com/file/d/1JM1N07U2es85XEpIEuiolecxBvLcWFVR/view,EEFF_Covenants_Source/Apem,0022_Apem_Mar_2026_EF_Apalancamiento.pdf,EEFF_Covenants_Source/Apem/0022_Apem_Mar_2026_EF_Apalancamiento.pdf,pending_file_in_drive_folder,
23,Apem,May 2024,EF - Apalancamiento,PDF,https://drive.google.com/file/d/11VTOFKktMgT2Wp-OjXcB6YpGFdvInOwZ/view,EEFF_Covenants_Source/Apem,0023_Apem_May_2024_EF_Apalancamiento.pdf,EEFF_Covenants_Source/Apem/0023_Apem_May_2024_EF_Apalancamiento.pdf,pending_file_in_drive_folder,
24,Apem,May 2025,EEFF,PDF,https://drive.google.com/file/d/1g2egDaOfShbOEBOw8XZiRzAPqIYU4NyV/view,EEFF_Covenants_Source/Apem,0024_Apem_May_2025_EEFF.pdf,EEFF_Covenants_Source/Apem/0024_Apem_May_2025_EEFF.pdf,pending_file_in_drive_folder,
25,Apem,Nov 2024,EF - Apalancamiento,PDF,https://drive.google.com/file/d/1iPScZ9uR3r2YR70j9wZnQA_dEE71LQBv/view,EEFF_Covenants_Source/Apem,0025_Apem_Nov_2024_EF_Apalancamiento.pdf,EEFF_Covenants_Source/Apem/0025_Apem_Nov_2024_EF_Apalancamiento.pdf,pending_file_in_drive_folder,
26,Apem,Nov 2025,EF - Apalancamiento,PDF,https://drive.google.com/file/d/1gs-LmAccF6NS16pgIvDwWCZJ1FjHeg51/view,EEFF_Covenants_Source/Apem,0026_Apem_Nov_2025_EF_Apalancamiento.pdf,EEFF_Covenants_Source/Apem/0026_Apem_Nov_2025_EF_Apalancamiento.pdf,pending_file_in_drive_folder,
27,Apem,Oct 2024,EF - Apalancamiento,PDF,https://drive.google.com/file/d/1PiZCTy6_9YTg_31TcpAgwD8w56a-itE3/view,EEFF_Covenants_Source/Apem,0027_Apem_Oct_2024_EF_Apalancamiento.pdf,EEFF_Covenants_Source/Apem/0027_Apem_Oct_2024_EF_Apalancamiento.pdf,pending_file_in_drive_folder,
28,Apem,Oct 2025,EF - Apalancamiento,PDF,https://drive.google.com/file/d/10cbxbJ7uA_mm4WaD7q2gXPUxEACYbRlc/view,EEFF_Covenants_Source/Apem,0028_Apem_Oct_2025_EF_Apalancamiento.pdf,EEFF_Covenants_Source/Apem/0028_Apem_Oct_2025_EF_Apalancamiento.pdf,pending_file_in_drive_folder,
29,Apem,Sep 2023,EF - Apalancamiento,PDF,https://drive.google.com/file/d/1aavLyU6gecHp3aET_g-ayDT2baw4Eb2U/view,EEFF_Covenants_Source/Apem,0029_Apem_Sep_2023_EF_Apalancamiento.pdf,EEFF_Covenants_Source/Apem/0029_Apem_Sep_2023_EF_Apalancamiento.pdf,pending_file_in_drive_folder,
30,Apem,Sep 2024,EF - Apalancamiento,PDF,https://drive.google.com/file/d/1LM3aBkPUo6W0B4Zr8C9kug1E2defDUeQ/view,EEFF_Covenants_Source/Apem,0030_Apem_Sep_2024_EF_Apalancamiento.pdf,EEFF_Covenants_Source/Apem/0030_Apem_Sep_2024_EF_Apalancamiento.pdf,pending_file_in_drive_folder,
31,Apem,Sep 2025,EEFF,PDF,https://drive.google.com/file/d/1FO0-v1v_EcAswpSmNm-2JoUISzSJVHQ5/view,EEFF_Covenants_Source/Apem,0031_Apem_Sep_2025_EEFF.pdf,EEFF_Covenants_Source/Apem/0031_Apem_Sep_2025_EEFF.pdf,pending_file_in_drive_folder,
32,Arrendadora Anisal,Dic 2024,Estado de Resultados,PDF,https://drive.google.com/file/d/11AziiNi1iafvRMIPGf76gVaxkUdi4fnN/view,EEFF_Covenants_Source/Arrendadora_Anisal,0032_Arrendadora_Anisal_Dic_2024_Estado_de_Resultados.pdf,EEFF_Covenants_Source/Arrendadora_Anisal/0032_Arrendadora_Anisal_Dic_2024_Estado_de_Resultados.pdf,pending_file_in_drive_folder,
33,Arrendadora Anisal,Feb 2025,Estado de Resultados,PDF,https://drive.google.com/file/d/1SLAbovOM4AipwkMrCVKYwB4o40pUYRG8/view,EEFF_Covenants_Source/Arrendadora_Anisal,0033_Arrendadora_Anisal_Feb_2025_Estado_de_Resultados.pdf,EEFF_Covenants_Source/Arrendadora_Anisal/0033_Arrendadora_Anisal_Feb_2025_Estado_de_Resultados.pdf,pending_file_in_drive_folder,
34,Astro Capital,2023,Estados Financieros SAT,XLSX,https://drive.google.com/file/d/1sbQIU2J5t5cXK3CeecRk3ca5o9u6idpV/view,EEFF_Covenants_Source/Astro_Capital,0034_Astro_Capital_2023_Estados_Financieros_SAT.xlsx,EEFF_Covenants_Source/Astro_Capital/0034_Astro_Capital_2023_Estados_Financieros_SAT.xlsx,pending_file_in_drive_folder,
35,Astro Capital,2024,Estados Financieros SAT,XLSX,https://drive.google.com/file/d/1d2Q7mYZiK5hnBB_xtK-IqLS7l1gg9piy/view,EEFF_Covenants_Source/Astro_Capital,0035_Astro_Capital_2024_Estados_Financieros_SAT.xlsx,EEFF_Covenants_Source/Astro_Capital/0035_Astro_Capital_2024_Estados_Financieros_SAT.xlsx,pending_file_in_drive_folder,
36,Aviva Holdings,Dic 2024,Estado de Resultados,PDF,https://drive.google.com/file/d/128nVptRbHJ0o7UDIPuwJFMAf54vTE_Gj/view,EEFF_Covenants_Source/Aviva_Holdings,0036_Aviva_Holdings_Dic_2024_Estado_de_Resultados.pdf,EEFF_Covenants_Source/Aviva_Holdings/0036_Aviva_Holdings_Dic_2024_Estado_de_Resultados.pdf,pending_file_in_drive_folder,
37,Aviva Holdings,Jul 2024,Balance Sheet,PDF,https://drive.google.com/file/d/1x-KX0cbutUaCX-Lcebvkmli6wH15CZ2N/view,EEFF_Covenants_Source/Aviva_Holdings,0037_Aviva_Holdings_Jul_2024_Balance_Sheet.pdf,EEFF_Covenants_Source/Aviva_Holdings/0037_Aviva_Holdings_Jul_2024_Balance_Sheet.pdf,pending_file_in_drive_folder,
38,Aviva Holdings,Jun 2025,Estado de Resultados,PDF,https://drive.google.com/file/d/1VMwZDRUPlUL7E3uxBKYild685Ram3Avw/view,EEFF_Covenants_Source/Aviva_Holdings,0038_Aviva_Holdings_Jun_2025_Estado_de_Resultados.pdf,EEFF_Covenants_Source/Aviva_Holdings/0038_Aviva_Holdings_Jun_2025_Estado_de_Resultados.pdf,pending_file_in_drive_folder,
39,Aviva Holdings,Mar 2024,Balance Sheet,PDF,https://drive.google.com/file/d/1m-J-k5-Qzyjk7DFwvcLSZc6rfUO_TBP0/view,EEFF_Covenants_Source/Aviva_Holdings,0039_Aviva_Holdings_Mar_2024_Balance_Sheet.pdf,EEFF_Covenants_Source/Aviva_Holdings/0039_Aviva_Holdings_Mar_2024_Balance_Sheet.pdf,pending_file_in_drive_folder,
40,Aviva Labs,Ene 2025,Estado de Resultados,PDF,https://drive.google.com/file/d/1_InYtAK0ELRNbcQNmHaNENjtWH63s7N1/view,EEFF_Covenants_Source/Aviva_Labs,0040_Aviva_Labs_Ene_2025_Estado_de_Resultados.pdf,EEFF_Covenants_Source/Aviva_Labs/0040_Aviva_Labs_Ene_2025_Estado_de_Resultados.pdf,pending_file_in_drive_folder,
41,Aviva SOFOM,Dic 2024,Estado de Resultados,PDF,https://drive.google.com/file/d/1dq2XaUX5WHocfnZPHbXai1RqboVEnUJ7/view,EEFF_Covenants_Source/Aviva_SOFOM,0041_Aviva_SOFOM_Dic_2024_Estado_de_Resultados.pdf,EEFF_Covenants_Source/Aviva_SOFOM/0041_Aviva_SOFOM_Dic_2024_Estado_de_Resultados.pdf,pending_file_in_drive_folder,
42,Aviva SOFOM,Ene 2025,Estado de Resultados,PDF,https://drive.google.com/file/d/1uYvr4TjrwaL5PGH4FVbLFUYvQQdHZVXj/view,EEFF_Covenants_Source/Aviva_SOFOM,0042_Aviva_SOFOM_Ene_2025_Estado_de_Resultados.pdf,EEFF_Covenants_Source/Aviva_SOFOM/0042_Aviva_SOFOM_Ene_2025_Estado_de_Resultados.pdf,pending_file_in_drive_folder,
43,Aviva SOFOM,Sep 2024,Balance General Consolidado,PDF,https://drive.google.com/file/d/1oIWTw7Zn6Ai31KEf4FTURSAA4Y83CFYz/view,EEFF_Covenants_Source/Aviva_SOFOM,0043_Aviva_SOFOM_Sep_2024_Balance_General_Consolidado.pdf,EEFF_Covenants_Source/Aviva_SOFOM/0043_Aviva_SOFOM_Sep_2024_Balance_General_Consolidado.pdf,pending_file_in_drive_folder,
44,Aviva SOFOM,Sep 2024,Balance General,PDF,https://drive.google.com/file/d/1NprjVjVLQuMzsDItyoWLrUI9AtyE6ph-/view,EEFF_Covenants_Source/Aviva_SOFOM,0044_Aviva_SOFOM_Sep_2024_Balance_General.pdf,EEFF_Covenants_Source/Aviva_SOFOM/0044_Aviva_SOFOM_Sep_2024_Balance_General.pdf,pending_file_in_drive_folder,
45,Capital X,2023,Estados Financieros SAT,XLSX,https://drive.google.com/file/d/16ZoeIOyZK5y3v-iOMPYXAf39fNMxhgTP/view,EEFF_Covenants_Source/Capital_X,0045_Capital_X_2023_Estados_Financieros_SAT.xlsx,EEFF_Covenants_Source/Capital_X/0045_Capital_X_2023_Estados_Financieros_SAT.xlsx,pending_file_in_drive_folder,
46,Capital X,2024,Estados Financieros SAT,XLSX,https://drive.google.com/file/d/1Y4A_MCZGBE7kz3pttfzNMI5Lh9rChc4L/view,EEFF_Covenants_Source/Capital_X,0046_Capital_X_2024_Estados_Financieros_SAT.xlsx,EEFF_Covenants_Source/Capital_X/0046_Capital_X_2024_Estados_Financieros_SAT.xlsx,pending_file_in_drive_folder,
47,Capital X,2025,Estados Financieros SAT,XLSX,https://drive.google.com/file/d/13HiLdg6aFOyf9vGctRDT-5eY4ZMoaplf/view,EEFF_Covenants_Source/Capital_X,0047_Capital_X_2025_Estados_Financieros_SAT.xlsx,EEFF_Covenants_Source/Capital_X/0047_Capital_X_2025_Estados_Financieros_SAT.xlsx,pending_file_in_drive_folder,
48,Capital X,Mar 2026,Estados Financieros,PDF,https://drive.google.com/file/d/1KJ0vtrqSFOXzAsu5AnANJpXLa2rNmfGM/view,EEFF_Covenants_Source/Capital_X,0048_Capital_X_Mar_2026_Estados_Financieros.pdf,EEFF_Covenants_Source/Capital_X/0048_Capital_X_Mar_2026_Estados_Financieros.pdf,pending_file_in_drive_folder,
49,Capital X,Sep 2024,Estado de Resultados,PDF,https://drive.google.com/file/d/1cxrMUO1YVN76DZMAzA7xd8kGFT6oVdKz/view,EEFF_Covenants_Source/Capital_X,0049_Capital_X_Sep_2024_Estado_de_Resultados.pdf,EEFF_Covenants_Source/Capital_X/0049_Capital_X_Sep_2024_Estado_de_Resultados.pdf,pending_file_in_drive_folder,
50,Creser,Mar 2025,Estado de Resultados,PDF,https://drive.google.com/file/d/1CT3A0vKxseVImY-VcJCo1bC6C2m3QKL2/view,EEFF_Covenants_Source/Creser,0050_Creser_Mar_2025_Estado_de_Resultados.pdf,EEFF_Covenants_Source/Creser/0050_Creser_Mar_2025_Estado_de_Resultados.pdf,pending_file_in_drive_folder,
51,Factor Cargo,Sep 2025,Estado de Resultados,PDF,https://drive.google.com/file/d/1WAnhEfzFsYRjehCkYWfTRH2VW7IJzjG2/view,EEFF_Covenants_Source/Factor_Cargo,0051_Factor_Cargo_Sep_2025_Estado_de_Resultados.pdf,EEFF_Covenants_Source/Factor_Cargo/0051_Factor_Cargo_Sep_2025_Estado_de_Resultados.pdf,pending_file_in_drive_folder,
52,Fintra,Dic 2023,Estado de Resultados,PDF,https://drive.google.com/file/d/19AxV5K02fuwnwIntI4rQijQCP4Yfwzgn/view,EEFF_Covenants_Source/Fintra,0052_Fintra_Dic_2023_Estado_de_Resultados.pdf,EEFF_Covenants_Source/Fintra/0052_Fintra_Dic_2023_Estado_de_Resultados.pdf,pending_file_in_drive_folder,
53,Fintra,Dic 2024,BG y ER Firmados,PDF,https://drive.google.com/file/d/1VoY5xjv4WUyl3slAXtEFmqK5ucDm1qFh/view,EEFF_Covenants_Source/Fintra,0053_Fintra_Dic_2024_BG_y_ER_Firmados.pdf,EEFF_Covenants_Source/Fintra/0053_Fintra_Dic_2024_BG_y_ER_Firmados.pdf,pending_file_in_drive_folder,
54,Finware,2026,Estados Financieros,Google Sheet,https://docs.google.com/spreadsheets/d/1nD5zv89UZfcdXLwjW_y5Km8JWUkF7C6GyjwXr_gq01I/edit,EEFF_Covenants_Source/Finware,0054_Finware_2026_Estados_Financieros.xlsx,EEFF_Covenants_Source/Finware/0054_Finware_2026_Estados_Financieros.xlsx,pending_file_in_drive_folder,
55,Flieben 3,Dic 2024,Balance General,PDF,https://drive.google.com/file/d/12KKqeocP_KX28LanZoFdIWdHTVr4i3-_/view,EEFF_Covenants_Source/Flieben_3,0055_Flieben_3_Dic_2024_Balance_General.pdf,EEFF_Covenants_Source/Flieben_3/0055_Flieben_3_Dic_2024_Balance_General.pdf,pending_file_in_drive_folder,
56,Flieben 3,Dic 2024,Estado de Resultados,PDF,https://drive.google.com/file/d/1X0TxmP9aXWsVIoYKDMbQ8YYiAN0JCXaA/view,EEFF_Covenants_Source/Flieben_3,0056_Flieben_3_Dic_2024_Estado_de_Resultados.pdf,EEFF_Covenants_Source/Flieben_3/0056_Flieben_3_Dic_2024_Estado_de_Resultados.pdf,pending_file_in_drive_folder,
57,Flieben 3,Dic 2025,Balance General,XLSX,https://drive.google.com/file/d/1nN0vdTYEXn1_3KlAGuyBqJTwQmmDO0n_/view,EEFF_Covenants_Source/Flieben_3,0057_Flieben_3_Dic_2025_Balance_General.xlsx,EEFF_Covenants_Source/Flieben_3/0057_Flieben_3_Dic_2025_Balance_General.xlsx,pending_file_in_drive_folder,
58,Flieben 3,Dic 2025,Posición Financiera BG,XLSX,https://drive.google.com/file/d/1F-oDW9YjN5-S-XSSnA3v9_PIAHim9rF7/view,EEFF_Covenants_Source/Flieben_3,0058_Flieben_3_Dic_2025_Posicion_Financiera_BG.xlsx,EEFF_Covenants_Source/Flieben_3/0058_Flieben_3_Dic_2025_Posicion_Financiera_BG.xlsx,pending_file_in_drive_folder,
59,Flieben 3,Dic 2025,Estado de Resultados,XLSX,https://drive.google.com/file/d/1q4E2zNvIiTngFN96jYH5hxuXcpPkfZ1Y/view,EEFF_Covenants_Source/Flieben_3,0059_Flieben_3_Dic_2025_Estado_de_Resultados.xlsx,EEFF_Covenants_Source/Flieben_3/0059_Flieben_3_Dic_2025_Estado_de_Resultados.xlsx,pending_file_in_drive_folder,
60,Flieben 3,Ene 2026,Balance General,XLSX,https://drive.google.com/file/d/133GUXVBrveL1KByQnkDjP1mtZnCxh_Q3/view,EEFF_Covenants_Source/Flieben_3,0060_Flieben_3_Ene_2026_Balance_General.xlsx,EEFF_Covenants_Source/Flieben_3/0060_Flieben_3_Ene_2026_Balance_General.xlsx,pending_file_in_drive_folder,
61,Flieben 3,Ene 2026,Posición Financiera BG,XLSX,https://drive.google.com/file/d/1M5X1zO4UL1MTnESDZUQAwXWTT8Fj1cxG/view,EEFF_Covenants_Source/Flieben_3,0061_Flieben_3_Ene_2026_Posicion_Financiera_BG.xlsx,EEFF_Covenants_Source/Flieben_3/0061_Flieben_3_Ene_2026_Posicion_Financiera_BG.xlsx,pending_file_in_drive_folder,
62,Flieben 3,Ene 2026,Estado de Resultados,XLSX,https://drive.google.com/file/d/1GYtd7sfRhiyYhyBbXafCIEv680lhW1uH/view,EEFF_Covenants_Source/Flieben_3,0062_Flieben_3_Ene_2026_Estado_de_Resultados.xlsx,EEFF_Covenants_Source/Flieben_3/0062_Flieben_3_Ene_2026_Estado_de_Resultados.xlsx,pending_file_in_drive_folder,
63,Flieben 3,May 2025,ER Acumulado (Ene-May),PDF,https://drive.google.com/file/d/1PI_9ZvP3L21KVRNjV8w_59O1v6J-lwzF/view,EEFF_Covenants_Source/Flieben_3,0063_Flieben_3_May_2025_ER_Acumulado_Ene_May.pdf,EEFF_Covenants_Source/Flieben_3/0063_Flieben_3_May_2025_ER_Acumulado_Ene_May.pdf,pending_file_in_drive_folder,
64,Flieben 3,Sep 2024,Analíticas Balance,PDF,https://drive.google.com/file/d/1VqY9SBmy0M17A7cLuOGUP5rckODcicDq/view,EEFF_Covenants_Source/Flieben_3,0064_Flieben_3_Sep_2024_Analiticas_Balance.pdf,EEFF_Covenants_Source/Flieben_3/0064_Flieben_3_Sep_2024_Analiticas_Balance.pdf,pending_file_in_drive_folder,
65,Flieben Capital,2025,EEFF Completo 2025,XLSX,https://drive.google.com/file/d/1JCYJWDox3k-lN2_Ua8Tufi_BxjBkfyrc/view,EEFF_Covenants_Source/Flieben_Capital,0065_Flieben_Capital_2025_EEFF_Completo_2025.xlsx,EEFF_Covenants_Source/Flieben_Capital/0065_Flieben_Capital_2025_EEFF_Completo_2025.xlsx,pending_file_in_drive_folder,
66,Flieben Capital,Dic 2025,Portfolio Report,XLSX,https://drive.google.com/file/d/1OxxGGBGaViXDxd707XKAW-SDoWoFP3Tb/view,EEFF_Covenants_Source/Flieben_Capital,0066_Flieben_Capital_Dic_2025_Portfolio_Report.xlsx,EEFF_Covenants_Source/Flieben_Capital/0066_Flieben_Capital_Dic_2025_Portfolio_Report.xlsx,pending_file_in_drive_folder,
67,Flieben Capital,Oct 2025,Estados Financieros,PDF,https://drive.google.com/file/d/13G7OnQc3tzV7XKcWyVwTQtu2lEbM8iHh/view,EEFF_Covenants_Source/Flieben_Capital,0067_Flieben_Capital_Oct_2025_Estados_Financieros.pdf,EEFF_Covenants_Source/Flieben_Capital/0067_Flieben_Capital_Oct_2025_Estados_Financieros.pdf,pending_file_in_drive_folder,
68,Go To Cash,Dic 2024,Estado de Resultados,PDF,https://drive.google.com/file/d/1Y2zMwzBFTb4j0GuEWXkJRw7ey69xyffa/view,EEFF_Covenants_Source/Go_To_Cash,0068_Go_To_Cash_Dic_2024_Estado_de_Resultados.pdf,EEFF_Covenants_Source/Go_To_Cash/0068_Go_To_Cash_Dic_2024_Estado_de_Resultados.pdf,pending_file_in_drive_folder,
69,Go To Cash,Jun 2025,Estado de Resultados,PDF,https://drive.google.com/file/d/1p_eqsFbj5l5JaI-B4FHSTKjV1hnEHB4f/view,EEFF_Covenants_Source/Go_To_Cash,0069_Go_To_Cash_Jun_2025_Estado_de_Resultados.pdf,EEFF_Covenants_Source/Go_To_Cash/0069_Go_To_Cash_Jun_2025_Estado_de_Resultados.pdf,pending_file_in_drive_folder,
70,ICP,2026,Cash Flow,XLSX,https://drive.google.com/file/d/1n0JBF7TjuUiCcc8p9UVKAhZhOtF3YF-w/view,EEFF_Covenants_Source/ICP,0070_ICP_2026_Cash_Flow.xlsx,EEFF_Covenants_Source/ICP/0070_ICP_2026_Cash_Flow.xlsx,pending_file_in_drive_folder,
71,ICP,2026,Cash Flow Escenarios,XLSX,https://drive.google.com/file/d/1ZuXE_swkmjUDSU_o7gZXy8gwoItjVpn-/view,EEFF_Covenants_Source/ICP,0071_ICP_2026_Cash_Flow_Escenarios.xlsx,EEFF_Covenants_Source/ICP/0071_ICP_2026_Cash_Flow_Escenarios.xlsx,pending_file_in_drive_folder,
72,ICP,Dic 2025,Balance General,PDF,https://drive.google.com/file/d/1GLnimpWkNuJd3rN0YAWA9eZC1gHoBDNw/view,EEFF_Covenants_Source/ICP,0072_ICP_Dic_2025_Balance_General.pdf,EEFF_Covenants_Source/ICP/0072_ICP_Dic_2025_Balance_General.pdf,pending_file_in_drive_folder,
73,ICP,Dic 2025,Estado de Resultados,PDF,https://drive.google.com/file/d/1FneGd5W8ombChzJHUwutZj9HDNJoi3Rj/view,EEFF_Covenants_Source/ICP,0073_ICP_Dic_2025_Estado_de_Resultados.pdf,EEFF_Covenants_Source/ICP/0073_ICP_Dic_2025_Estado_de_Resultados.pdf,pending_file_in_drive_folder,
74,Ideaconv,2026-2028,Balance General (Proyección),Google Sheet,https://docs.google.com/spreadsheets/d/1UqVpdsg4oTBvIQuUm0ihtct17Nj1NrHBJnfUE-iKFew/edit,EEFF_Covenants_Source/Ideaconv,0074_Ideaconv_2026_2028_Balance_General_Proyeccion.xlsx,EEFF_Covenants_Source/Ideaconv/0074_Ideaconv_2026_2028_Balance_General_Proyeccion.xlsx,pending_file_in_drive_folder,
75,Ideaconv,Dic 2022,Balance General,PDF,https://drive.google.com/file/d/1QOvPtBRc7hmDIEWL6-4Kgbc1qYzQzaP1/view,EEFF_Covenants_Source/Ideaconv,0075_Ideaconv_Dic_2022_Balance_General.pdf,EEFF_Covenants_Source/Ideaconv/0075_Ideaconv_Dic_2022_Balance_General.pdf,pending_file_in_drive_folder,
76,Ideaconv,Dic 2022,Estado de Resultados,PDF,https://drive.google.com/file/d/1RKUlYEMfGm-DUQZQQ-47RPYKNHfVaWWN/view,EEFF_Covenants_Source/Ideaconv,0076_Ideaconv_Dic_2022_Estado_de_Resultados.pdf,EEFF_Covenants_Source/Ideaconv/0076_Ideaconv_Dic_2022_Estado_de_Resultados.pdf,pending_file_in_drive_folder,
77,Ideaconv,Mar 2026,EEFF Marzo,PDF,https://drive.google.com/file/d/1t5xlhaYrThU2edPFshmTTCK4kzZqtSxw/view,EEFF_Covenants_Source/Ideaconv,0077_Ideaconv_Mar_2026_EEFF_Marzo.pdf,EEFF_Covenants_Source/Ideaconv/0077_Ideaconv_Mar_2026_EEFF_Marzo.pdf,pending_file_in_drive_folder,
78,Omnicredito,Ene 2025,Estado de Resultados,PDF,https://drive.google.com/file/d/1R7GmH2fWdLcXuGXKRPe4I2KwKJzcMofi/view,EEFF_Covenants_Source/Omnicredito,0078_Omnicredito_Ene_2025_Estado_de_Resultados.pdf,EEFF_Covenants_Source/Omnicredito/0078_Omnicredito_Ene_2025_Estado_de_Resultados.pdf,pending_file_in_drive_folder,
79,Red Girasol,Abr 2025,Balance General,PDF,https://drive.google.com/file/d/1OWOuyXf5CT8Sw8V3CxXAkpfpU44ddcsN/view,EEFF_Covenants_Source/Red_Girasol,0079_Red_Girasol_Abr_2025_Balance_General.pdf,EEFF_Covenants_Source/Red_Girasol/0079_Red_Girasol_Abr_2025_Balance_General.pdf,pending_file_in_drive_folder,
80,Red Girasol,Abr 2025,Estado de Resultados,PDF,https://drive.google.com/file/d/12InKejeZ8YtqeqfGl1qVBSmnUGR9XSsM/view,EEFF_Covenants_Source/Red_Girasol,0080_Red_Girasol_Abr_2025_Estado_de_Resultados.pdf,EEFF_Covenants_Source/Red_Girasol/0080_Red_Girasol_Abr_2025_Estado_de_Resultados.pdf,pending_file_in_drive_folder,
81,Red Girasol,Ago 2024,Análisis Financiero,XLSX,https://drive.google.com/file/d/1Hbdoej9hSWMsJ9REhANrgN15_NsxMEO_/view,EEFF_Covenants_Source/Red_Girasol,0081_Red_Girasol_Ago_2024_Analisis_Financiero.xlsx,EEFF_Covenants_Source/Red_Girasol/0081_Red_Girasol_Ago_2024_Analisis_Financiero.xlsx,pending_file_in_drive_folder,
82,Red Girasol,Ago 2025,Balance General,PDF,https://drive.google.com/file/d/1Na-fa53QVXFpcfcGqLQuUFupU1VlmYe5/view,EEFF_Covenants_Source/Red_Girasol,0082_Red_Girasol_Ago_2025_Balance_General.pdf,EEFF_Covenants_Source/Red_Girasol/0082_Red_Girasol_Ago_2025_Balance_General.pdf,pending_file_in_drive_folder,
83,Red Girasol,Ago 2025,Estado de Resultados,PDF,https://drive.google.com/file/d/1gqXOg8HSy-2YkEBH6TGBArVQlFLpsPF9/view,EEFF_Covenants_Source/Red_Girasol,0083_Red_Girasol_Ago_2025_Estado_de_Resultados.pdf,EEFF_Covenants_Source/Red_Girasol/0083_Red_Girasol_Ago_2025_Estado_de_Resultados.pdf,pending_file_in_drive_folder,
84,Red Girasol,Dic 2024,BG (sin dictaminar),PDF,https://drive.google.com/file/d/1NwvmCsNXte1VTAHRH-QEYt7_otxq_Q0K/view,EEFF_Covenants_Source/Red_Girasol,0084_Red_Girasol_Dic_2024_BG_sin_dictaminar.pdf,EEFF_Covenants_Source/Red_Girasol/0084_Red_Girasol_Dic_2024_BG_sin_dictaminar.pdf,pending_file_in_drive_folder,
85,Red Girasol,Dic 2024,ER (sin dictaminar),PDF,https://drive.google.com/file/d/1hcZfxCQ4IX2pPZ0nTxKacgIuYANCQzX0/view,EEFF_Covenants_Source/Red_Girasol,0085_Red_Girasol_Dic_2024_ER_sin_dictaminar.pdf,EEFF_Covenants_Source/Red_Girasol/0085_Red_Girasol_Dic_2024_ER_sin_dictaminar.pdf,pending_file_in_drive_folder,
86,Red Girasol,Dic 2024,ER (sin dictaminar),PDF,https://drive.google.com/file/d/1sxJlqwdRwjdJt7qcyeOLVuEGPo0ncYIn/view,EEFF_Covenants_Source/Red_Girasol,0086_Red_Girasol_Dic_2024_ER_sin_dictaminar.pdf,EEFF_Covenants_Source/Red_Girasol/0086_Red_Girasol_Dic_2024_ER_sin_dictaminar.pdf,pending_file_in_drive_folder,
87,Red Girasol,Dic 2025,EEFF,XLSX,https://drive.google.com/file/d/1cwZ-2scvAJT7789ruPi9YyhZr7GCb9f5/view,EEFF_Covenants_Source/Red_Girasol,0087_Red_Girasol_Dic_2025_EEFF.xlsx,EEFF_Covenants_Source/Red_Girasol/0087_Red_Girasol_Dic_2025_EEFF.xlsx,pending_file_in_drive_folder,
88,Red Girasol,Ene 2026,Estados Financieros,PDF,https://drive.google.com/file/d/1Im6APf_kqC5zeq9gnXGWajedh4bkGz5L/view,EEFF_Covenants_Source/Red_Girasol,0088_Red_Girasol_Ene_2026_Estados_Financieros.pdf,EEFF_Covenants_Source/Red_Girasol/0088_Red_Girasol_Ene_2026_Estados_Financieros.pdf,pending_file_in_drive_folder,
89,Red Girasol,Nov 2025,Balance General,PDF,https://drive.google.com/file/d/1XF8E1xkbB4a3CcqJLhE1j3Qf_QIOIUie/view,EEFF_Covenants_Source/Red_Girasol,0089_Red_Girasol_Nov_2025_Balance_General.pdf,EEFF_Covenants_Source/Red_Girasol/0089_Red_Girasol_Nov_2025_Balance_General.pdf,pending_file_in_drive_folder,
90,Red Girasol,Nov 2025,Estado de Resultados,PDF,https://drive.google.com/file/d/1jGFUjy99sAlfht2-7XiCRSW6N6IeFIGm/view,EEFF_Covenants_Source/Red_Girasol,0090_Red_Girasol_Nov_2025_Estado_de_Resultados.pdf,EEFF_Covenants_Source/Red_Girasol/0090_Red_Girasol_Nov_2025_Estado_de_Resultados.pdf,pending_file_in_drive_folder,
91,Red Girasol,Oct 2025,Balance General,PDF,https://drive.google.com/file/d/1RAkDJaVLUCGCsm9LkMYm6GRu0X29B0Y4/view,EEFF_Covenants_Source/Red_Girasol,0091_Red_Girasol_Oct_2025_Balance_General.pdf,EEFF_Covenants_Source/Red_Girasol/0091_Red_Girasol_Oct_2025_Balance_General.pdf,pending_file_in_drive_folder,
92,Red Girasol,Oct 2025,Estado de Resultados,PDF,https://drive.google.com/file/d/1sSddoePMrAEVL9l6ecpSSgc2Kxu6knFz/view,EEFF_Covenants_Source/Red_Girasol,0092_Red_Girasol_Oct_2025_Estado_de_Resultados.pdf,EEFF_Covenants_Source/Red_Girasol/0092_Red_Girasol_Oct_2025_Estado_de_Resultados.pdf,pending_file_in_drive_folder,
93,Regularizadora de Flujo,2024,Estados Financieros SAT,XLSX,https://drive.google.com/file/d/1pqfEqmjPuZFzYyRWpWH3QRwv0CKwkbxE/view,EEFF_Covenants_Source/Regularizadora_de_Flujo,0093_Regularizadora_de_Flujo_2024_Estados_Financieros_SAT.xlsx,EEFF_Covenants_Source/Regularizadora_de_Flujo/0093_Regularizadora_de_Flujo_2024_Estados_Financieros_SAT.xlsx,pending_file_in_drive_folder,
94,Regularizadora de Flujo,2025,Estados Financieros SAT,XLSX,https://drive.google.com/file/d/12ihKdNVuQwu7ebONPBDcivAWkYYH90-E/view,EEFF_Covenants_Source/Regularizadora_de_Flujo,0094_Regularizadora_de_Flujo_2025_Estados_Financieros_SAT.xlsx,EEFF_Covenants_Source/Regularizadora_de_Flujo/0094_Regularizadora_de_Flujo_2025_Estados_Financieros_SAT.xlsx,pending_file_in_drive_folder,
95,Ventus,Ago 2025,ER Mensual,PDF,https://drive.google.com/file/d/16IWsC8eUuWMhM2-OGE8k8xAg_dr4I6zY/view,EEFF_Covenants_Source/Ventus,0095_Ventus_Ago_2025_ER_Mensual.pdf,EEFF_Covenants_Source/Ventus/0095_Ventus_Ago_2025_ER_Mensual.pdf,pending_file_in_drive_folder,
96,Ventus,Ago 2025,ER,PDF,https://drive.google.com/file/d/1nca0H_xGio-jhqN6qXrPafP2CxPEW9CH/view,EEFF_Covenants_Source/Ventus,0096_Ventus_Ago_2025_ER.pdf,EEFF_Covenants_Source/Ventus/0096_Ventus_Ago_2025_ER.pdf,pending_file_in_drive_folder,
97,Ventus,Dic 2024,Estado de Resultados,PDF,https://drive.google.com/file/d/1LiHf6Ft9fJUL51RlO-nh8tMaw-OX2X6F/view,EEFF_Covenants_Source/Ventus,0097_Ventus_Dic_2024_Estado_de_Resultados.pdf,EEFF_Covenants_Source/Ventus/0097_Ventus_Dic_2024_Estado_de_Resultados.pdf,pending_file_in_drive_folder,
98,Ventus,Dic 2025,BG & ER,XLSX,https://drive.google.com/file/d/1XtmMSURlbA9pne9sRbmBVru_iIMIgeEE/view,EEFF_Covenants_Source/Ventus,0098_Ventus_Dic_2025_BG_ER.xlsx,EEFF_Covenants_Source/Ventus/0098_Ventus_Dic_2025_BG_ER.xlsx,pending_file_in_drive_folder,
99,Ventus,Ene 2025,Estado de Resultados,PDF,https://drive.google.com/file/d/1fpf9OuPup0FLmglVKgq0RZnMrRNR2ukG/view,EEFF_Covenants_Source/Ventus,0099_Ventus_Ene_2025_Estado_de_Resultados.pdf,EEFF_Covenants_Source/Ventus/0099_Ventus_Ene_2025_Estado_de_Resultados.pdf,pending_file_in_drive_folder,
100,Ventus,Ene 2026,Balance General,PDF,https://drive.google.com/file/d/14h1EI-3--tr4M_0FH2ZPagPN_dCWKTly/view,EEFF_Covenants_Source/Ventus,0100_Ventus_Ene_2026_Balance_General.pdf,EEFF_Covenants_Source/Ventus/0100_Ventus_Ene_2026_Balance_General.pdf,pending_file_in_drive_folder,
101,Ventus,Ene 2026,Estado de Resultados,PDF,https://drive.google.com/file/d/1hkiSLQ5T70qv1rnF0b_EzWb2eubqq42K/view,EEFF_Covenants_Source/Ventus,0101_Ventus_Ene_2026_Estado_de_Resultados.pdf,EEFF_Covenants_Source/Ventus/0101_Ventus_Ene_2026_Estado_de_Resultados.pdf,pending_file_in_drive_folder,
102,Ventus,Feb 2026,Balance General,PDF,https://drive.google.com/file/d/1PuzugyYEDKZeQkaCF8i6i7N_hvFdxN_E/view,EEFF_Covenants_Source/Ventus,0102_Ventus_Feb_2026_Balance_General.pdf,EEFF_Covenants_Source/Ventus/0102_Ventus_Feb_2026_Balance_General.pdf,pending_file_in_drive_folder,
103,Ventus,Feb 2026,Estado de Resultados,PDF,https://drive.google.com/file/d/1r0btVnysWs2iyDYvgyHDN_nMyok-WMGH/view,EEFF_Covenants_Source/Ventus,0103_Ventus_Feb_2026_Estado_de_Resultados.pdf,EEFF_Covenants_Source/Ventus/0103_Ventus_Feb_2026_Estado_de_Resultados.pdf,pending_file_in_drive_folder,
104,Ventus,Jul 2025,Estado de Resultados,PDF,https://drive.google.com/file/d/1DX4K4hhdujbDt9OzHFIC5f1Ia1Hsd8dC/view,EEFF_Covenants_Source/Ventus,0104_Ventus_Jul_2025_Estado_de_Resultados.pdf,EEFF_Covenants_Source/Ventus/0104_Ventus_Jul_2025_Estado_de_Resultados.pdf,pending_file_in_drive_folder,
105,Ventus,Jul 2025,ER Firmado,PDF,https://drive.google.com/file/d/1RjMSasNP8R4271NmoFPeILPaubjYlYXA/view,EEFF_Covenants_Source/Ventus,0105_Ventus_Jul_2025_ER_Firmado.pdf,EEFF_Covenants_Source/Ventus/0105_Ventus_Jul_2025_ER_Firmado.pdf,pending_file_in_drive_folder,
106,Ventus,Jul 2025,ER Mensual,PDF,https://drive.google.com/file/d/1iVyB6LbnkzP7X-kL0LlkVCA9OUG6F1/view,EEFF_Covenants_Source/Ventus,0106_Ventus_Jul_2025_ER_Mensual.pdf,EEFF_Covenants_Source/Ventus/0106_Ventus_Jul_2025_ER_Mensual.pdf,pending_file_in_drive_folder,
107,Ventus,Jun 2025,ER Mensual,PDF,https://drive.google.com/file/d/1-SZ4vaJnFjZPf6X-kL0LlkVCA9OUG6F1/view,EEFF_Covenants_Source/Ventus,0107_Ventus_Jun_2025_ER_Mensual.pdf,EEFF_Covenants_Source/Ventus/0107_Ventus_Jun_2025_ER_Mensual.pdf,pending_file_in_drive_folder,
108,Ventus,Jun 2025,ER Acumulado,PDF,https://drive.google.com/file/d/1TK_3JOlxLGlqrekuHNLvGPuXLehsvOqt/view,EEFF_Covenants_Source/Ventus,0108_Ventus_Jun_2025_ER_Acumulado.pdf,EEFF_Covenants_Source/Ventus/0108_Ventus_Jun_2025_ER_Acumulado.pdf,pending_file_in_drive_folder,
109,Ventus,Mar 2025,Estado de Resultados,PDF,https://drive.google.com/file/d/11BJvtV0N_7ivsG9Egfi8PrHpsPS3-x1B/view,EEFF_Covenants_Source/Ventus,0109_Ventus_Mar_2025_Estado_de_Resultados.pdf,EEFF_Covenants_Source/Ventus/0109_Ventus_Mar_2025_Estado_de_Resultados.pdf,pending_file_in_drive_folder,
110,Ventus,May 2025,Estado de Resultados,PDF,https://drive.google.com/file/d/1csEX_U2A5t8_QPtNufokex-Uz00vDY78/view,EEFF_Covenants_Source/Ventus,0110_Ventus_May_2025_Estado_de_Resultados.pdf,EEFF_Covenants_Source/Ventus/0110_Ventus_May_2025_Estado_de_Resultados.pdf,pending_file_in_drive_folder,
111,Ventus,Nov 2025,Estado de Resultados,PDF,https://drive.google.com/file/d/1lFhxGwJBerxlyCSMf1xmPLiCDIwjc8mV/view,EEFF_Covenants_Source/Ventus,0111_Ventus_Nov_2025_Estado_de_Resultados.pdf,EEFF_Covenants_Source/Ventus/0111_Ventus_Nov_2025_Estado_de_Resultados.pdf,pending_file_in_drive_folder,
112,Ventus,Oct 2025,Estado de Resultados,PDF,https://drive.google.com/file/d/1ms217zPggl3ynqvDmSjtR6XpF2ypVkcm/view,EEFF_Covenants_Source/Ventus,0112_Ventus_Oct_2025_Estado_de_Resultados.pdf,EEFF_Covenants_Source/Ventus/0112_Ventus_Oct_2025_Estado_de_Resultados.pdf,pending_file_in_drive_folder,
113,Ventus,Sep 2025,ER Mensual,PDF,https://drive.google.com/file/d/1uBybue9IHDNfo4YO0Xv6qsgPxiey5Vzu/view,EEFF_Covenants_Source/Ventus,0113_Ventus_Sep_2025_ER_Mensual.pdf,EEFF_Covenants_Source/Ventus/0113_Ventus_Sep_2025_ER_Mensual.pdf,pending_file_in_drive_folder,
114,Ventus,Sep 2025,Estado de Resultados,PDF,https://drive.google.com/file/d/1Cxv-d60FSEl_2WclqIism9hZmJlS_WvJ/view,EEFF_Covenants_Source/Ventus,0114_Ventus_Sep_2025_Estado_de_Resultados.pdf,EEFF_Covenants_Source/Ventus/0114_Ventus_Sep_2025_Estado_de_Resultados.pdf,pending_file_in_drive_folder,
115,iLeasing,Abr 2025,Estado de Resultados,PDF,https://drive.google.com/file/d/1BF_9-xXShWibB12sMm4blLE5wZKXRUJk/view,EEFF_Covenants_Source/iLeasing,0115_iLeasing_Abr_2025_Estado_de_Resultados.pdf,EEFF_Covenants_Source/iLeasing/0115_iLeasing_Abr_2025_Estado_de_Resultados.pdf,pending_file_in_drive_folder,
116,iLeasing,Feb 2025,Estado de Resultados,PDF,https://drive.google.com/file/d/1u_OUXNvKP5yNtDjg104ViLzB7rTnMbEu/view,EEFF_Covenants_Source/iLeasing,0116_iLeasing_Feb_2025_Estado_de_Resultados.pdf,EEFF_Covenants_Source/iLeasing/0116_iLeasing_Feb_2025_Estado_de_Resultados.pdf,pending_file_in_drive_folder,
117,iLeasing,Jun 2025,Estado de Resultados,PDF,https://drive.google.com/file/d/1vPX6S6ydTngSbbCs6AtGnYrhUshLfKy9/view,EEFF_Covenants_Source/iLeasing,0117_iLeasing_Jun_2025_Estado_de_Resultados.pdf,EEFF_Covenants_Source/iLeasing/0117_iLeasing_Jun_2025_Estado_de_Resultados.pdf,pending_file_in_drive_folder,
118,iLeasing,Mar 2025,Estado de Resultados,PDF,https://drive.google.com/file/d/1kosOaFSopKOz2NTMenEQKK-rCnPj83Q3/view,EEFF_Covenants_Source/iLeasing,0118_iLeasing_Mar_2025_Estado_de_Resultados.pdf,EEFF_Covenants_Source/iLeasing/0118_iLeasing_Mar_2025_Estado_de_Resultados.pdf,pending_file_in_drive_folder,
119,iLeasing,May 2025,Estado de Resultados,PDF,https://drive.google.com/file/d/16_uftLoMaXtKMsAhd6ihjsjGj7CY__Yv/view,EEFF_Covenants_Source/iLeasing,0119_iLeasing_May_2025_Estado_de_Resultados.pdf,EEFF_Covenants_Source/iLeasing/0119_iLeasing_May_2025_Estado_de_Resultados.pdf,pending_file_in_drive_folder,
